block_num,timestamp,action_name,contract,actor,tag
253596204,2025-06-03T13:50:21.500,pushrate,eosio.oracle,ultra.oracle,unknown
253596204,2025-06-03T13:50:21.500,nonce,eosio.null,,unknown
253596184,2025-06-03T13:50:11.500,pushrate,eosio.oracle,ultra.oracle,unknown
253596184,2025-06-03T13:50:11.500,nonce,eosio.null,,unknown
253595938,2025-06-03T13:48:08.500,pushrate,eosio.oracle,ultra.oracle,unknown
253595938,2025-06-03T13:48:08.500,nonce,eosio.null,,unknown
253595932,2025-06-03T13:48:05.500,pushrate,eosio.oracle,ultra.oracle,unknown
253595932,2025-06-03T13:48:05.500,nonce,eosio.null,,unknown
253595916,2025-06-03T13:47:57.500,pushrate,eosio.oracle,ultra.oracle,unknown
253595916,2025-06-03T13:47:57.500,nonce,eosio.null,,unknown
253595909,2025-06-03T13:47:54.000,pushrate,eosio.oracle,ultra.oracle,unknown
253595909,2025-06-03T13:47:54.000,nonce,eosio.null,,unknown
253595414,2025-06-03T13:43:46.500,pushrate,eosio.oracle,ultra.oracle,unknown
253595414,2025-06-03T13:43:46.500,nonce,eosio.null,,unknown
253595414,2025-06-03T13:43:46.500,pushrate,eosio.oracle,ultra.oracle,unknown
253595414,2025-06-03T13:43:46.500,nonce,eosio.null,,unknown
253595207,2025-06-03T13:42:03.000,pushrate,eosio.oracle,ultra.oracle,unknown
253595207,2025-06-03T13:42:03.000,nonce,eosio.null,,unknown
253595190,2025-06-03T13:41:54.500,pushrate,eosio.oracle,ultra.oracle,unknown
253595190,2025-06-03T13:41:54.500,nonce,eosio.null,,unknown
253595014,2025-06-03T13:40:26.500,pushrate,eosio.oracle,ultra.oracle,unknown
253595014,2025-06-03T13:40:26.500,nonce,eosio.null,,unknown
253594974,2025-06-03T13:40:06.500,pushrate,eosio.oracle,ultra.oracle,unknown
253594974,2025-06-03T13:40:06.500,nonce,eosio.null,,unknown
253594729,2025-06-03T13:38:04.000,pushrate,eosio.oracle,ultra.oracle,unknown
253594729,2025-06-03T13:38:04.000,nonce,eosio.null,,unknown
253594556,2025-06-03T13:36:37.500,pushrate,eosio.oracle,ultra.oracle,unknown
253594556,2025-06-03T13:36:37.500,nonce,eosio.null,,unknown
253594546,2025-06-03T13:36:32.500,pushrate,eosio.oracle,ultra.oracle,unknown
253594546,2025-06-03T13:36:32.500,nonce,eosio.null,,unknown
253594499,2025-06-03T13:36:09.000,pushrate,eosio.oracle,ultra.oracle,unknown
253594499,2025-06-03T13:36:09.000,nonce,eosio.null,,unknown
253594297,2025-06-03T13:34:28.000,pushrate,eosio.oracle,ultra.oracle,unknown
253594297,2025-06-03T13:34:28.000,nonce,eosio.null,,unknown
253594290,2025-06-03T13:34:24.500,pushrate,eosio.oracle,ultra.oracle,unknown
253594290,2025-06-03T13:34:24.500,nonce,eosio.null,,unknown
253594287,2025-06-03T13:34:23.000,pushrate,eosio.oracle,ultra.oracle,unknown
253594287,2025-06-03T13:34:23.000,nonce,eosio.null,,unknown
253594278,2025-06-03T13:34:18.500,pushrate,eosio.oracle,ultra.oracle,unknown
253594278,2025-06-03T13:34:18.500,nonce,eosio.null,,unknown
253594032,2025-06-03T13:32:15.500,pushrate,eosio.oracle,ultra.oracle,unknown
253594032,2025-06-03T13:32:15.500,nonce,eosio.null,,unknown
253594010,2025-06-03T13:32:04.500,pushrate,eosio.oracle,ultra.oracle,unknown
253594010,2025-06-03T13:32:04.500,nonce,eosio.null,,unknown
253593830,2025-06-03T13:30:34.500,pushrate,eosio.oracle,ultra.oracle,unknown
253593830,2025-06-03T13:30:34.500,nonce,eosio.null,,unknown
253593814,2025-06-03T13:30:26.500,pushrate,eosio.oracle,ultra.oracle,unknown
253593814,2025-06-03T13:30:26.500,nonce,eosio.null,,unknown
253593790,2025-06-03T13:30:14.500,pushrate,eosio.oracle,ultra.oracle,unknown
253593790,2025-06-03T13:30:14.500,nonce,eosio.null,,unknown
253593584,2025-06-03T13:28:31.500,pushrate,eosio.oracle,ultra.oracle,unknown
253593584,2025-06-03T13:28:31.500,nonce,eosio.null,,unknown
253593581,2025-06-03T13:28:30.000,pushrate,eosio.oracle,ultra.oracle,unknown
253593581,2025-06-03T13:28:30.000,nonce,eosio.null,,unknown
253593569,2025-06-03T13:28:24.000,pushrate,eosio.oracle,ultra.oracle,unknown
253593569,2025-06-03T13:28:24.000,nonce,eosio.null,,unknown
253596844,2025-06-03T13:55:41.500,pushrate,eosio.oracle,ultra.oracle,False,known
253596844,2025-06-03T13:55:41.500,nonce,eosio.null,,True,unknown
253596841,2025-06-03T13:55:40.000,pushrate,eosio.oracle,ultra.oracle,False,known
253596841,2025-06-03T13:55:40.000,nonce,eosio.null,,True,unknown
253596810,2025-06-03T13:55:24.500,pushrate,eosio.oracle,ultra.oracle,False,known
253596810,2025-06-03T13:55:24.500,nonce,eosio.null,,True,unknown
253596798,2025-06-03T13:55:18.500,pushrate,eosio.oracle,ultra.oracle,False,known
253596798,2025-06-03T13:55:18.500,nonce,eosio.null,,True,unknown
253596794,2025-06-03T13:55:16.500,pushrate,eosio.oracle,ultra.oracle,False,known
253596794,2025-06-03T13:55:16.500,nonce,eosio.null,,True,unknown
253596618,2025-06-03T13:53:48.500,pushrate,eosio.oracle,ultra.oracle,False,known
253596618,2025-06-03T13:53:48.500,nonce,eosio.null,,True,unknown
253596606,2025-06-03T13:53:42.500,pushrate,eosio.oracle,ultra.oracle,False,known
253596606,2025-06-03T13:53:42.500,nonce,eosio.null,,True,unknown
253596570,2025-06-03T13:53:24.500,pushrate,eosio.oracle,ultra.oracle,False,known
253596570,2025-06-03T13:53:24.500,nonce,eosio.null,,True,unknown
253596556,2025-06-03T13:53:17.500,pushrate,eosio.oracle,ultra.oracle,False,known
253596556,2025-06-03T13:53:17.500,nonce,eosio.null,,True,unknown
253596390,2025-06-03T13:51:54.500,pushrate,eosio.oracle,ultra.oracle,False,known
253596390,2025-06-03T13:51:54.500,nonce,eosio.null,,True,unknown
253596366,2025-06-03T13:51:42.500,pushrate,eosio.oracle,ultra.oracle,False,known
253596366,2025-06-03T13:51:42.500,nonce,eosio.null,,True,unknown
253596329,2025-06-03T13:51:24.000,pushrate,eosio.oracle,ultra.oracle,False,known
253596329,2025-06-03T13:51:24.000,nonce,eosio.null,,True,unknown
253596327,2025-06-03T13:51:23.000,pushrate,eosio.oracle,ultra.oracle,False,known
253596327,2025-06-03T13:51:23.000,nonce,eosio.null,,True,unknown
253596102,2025-06-03T13:49:30.500,pushrate,eosio.oracle,ultra.oracle,False,known
253596102,2025-06-03T13:49:30.500,nonce,eosio.null,,True,unknown
253596101,2025-06-03T13:49:30.000,pushrate,eosio.oracle,ultra.oracle,False,known
253596101,2025-06-03T13:49:30.000,nonce,eosio.null,,True,unknown
253596092,2025-06-03T13:49:25.500,pushrate,eosio.oracle,ultra.oracle,False,known
253596092,2025-06-03T13:49:25.500,nonce,eosio.null,,True,unknown
253595916,2025-06-03T13:47:57.500,pushrate,eosio.oracle,ultra.oracle,False,known
253595916,2025-06-03T13:47:57.500,nonce,eosio.null,,True,unknown
253595909,2025-06-03T13:47:54.000,pushrate,eosio.oracle,ultra.oracle,False,known
253595909,2025-06-03T13:47:54.000,nonce,eosio.null,,True,unknown
253595652,2025-06-03T13:45:45.500,pushrate,eosio.oracle,ultra.oracle,False,known
253595652,2025-06-03T13:45:45.500,nonce,eosio.null,,True,unknown
253595641,2025-06-03T13:45:40.000,pushrate,eosio.oracle,ultra.oracle,False,known
253595641,2025-06-03T13:45:40.000,nonce,eosio.null,,True,unknown
253595640,2025-06-03T13:45:39.500,pushrate,eosio.oracle,ultra.oracle,False,known
253595640,2025-06-03T13:45:39.500,nonce,eosio.null,,True,unknown
253595631,2025-06-03T13:45:35.000,pushrate,eosio.oracle,ultra.oracle,False,known
253595631,2025-06-03T13:45:35.000,nonce,eosio.null,,True,unknown
253595624,2025-06-03T13:45:31.500,pushrate,eosio.oracle,ultra.oracle,False,known
253595624,2025-06-03T13:45:31.500,nonce,eosio.null,,True,unknown
253595414,2025-06-03T13:43:46.500,pushrate,eosio.oracle,ultra.oracle,False,known
253595414,2025-06-03T13:43:46.500,nonce,eosio.null,,True,unknown
253595414,2025-06-03T13:43:46.500,pushrate,eosio.oracle,ultra.oracle,True,known
253595414,2025-06-03T13:43:46.500,nonce,eosio.null,,True,unknown
253595405,2025-06-03T13:43:42.000,pushrate,eosio.oracle,ultra.oracle,False,known
253595405,2025-06-03T13:43:42.000,nonce,eosio.null,,True,unknown
253595398,2025-06-03T13:43:38.500,pushrate,eosio.oracle,ultra.oracle,False,known
253595398,2025-06-03T13:43:38.500,nonce,eosio.null,,True,unknown
253595207,2025-06-03T13:42:03.000,pushrate,eosio.oracle,ultra.oracle,False,known
253595207,2025-06-03T13:42:03.000,nonce,eosio.null,,True,unknown
253595190,2025-06-03T13:41:54.500,pushrate,eosio.oracle,ultra.oracle,False,known
253595190,2025-06-03T13:41:54.500,nonce,eosio.null,,True,unknown
253594974,2025-06-03T13:40:06.500,pushrate,eosio.oracle,ultra.oracle,False,known
253594974,2025-06-03T13:40:06.500,nonce,eosio.null,,True,unknown
253594935,2025-06-03T13:39:47.000,pushrate,eosio.oracle,ultra.oracle,False,known
253594935,2025-06-03T13:39:47.000,nonce,eosio.null,,True,unknown
253594911,2025-06-03T13:39:35.000,pushrate,eosio.oracle,ultra.oracle,False,known
253594911,2025-06-03T13:39:35.000,nonce,eosio.null,,True,unknown
253594729,2025-06-03T13:38:04.000,pushrate,eosio.oracle,ultra.oracle,False,known
253594729,2025-06-03T13:38:04.000,nonce,eosio.null,,True,unknown
253594710,2025-06-03T13:37:54.500,pushrate,eosio.oracle,ultra.oracle,False,known
253594710,2025-06-03T13:37:54.500,nonce,eosio.null,,True,unknown
253594668,2025-06-03T13:37:33.500,pushrate,eosio.oracle,ultra.oracle,False,known
253594668,2025-06-03T13:37:33.500,nonce,eosio.null,,True,unknown
253594499,2025-06-03T13:36:09.000,pushrate,eosio.oracle,ultra.oracle,False,known
253594499,2025-06-03T13:36:09.000,nonce,eosio.null,,True,unknown
253594465,2025-06-03T13:35:52.000,pushrate,eosio.oracle,ultra.oracle,False,known
253594465,2025-06-03T13:35:52.000,nonce,eosio.null,,True,unknown
253594442,2025-06-03T13:35:40.500,pushrate,eosio.oracle,ultra.oracle,False,known
253594442,2025-06-03T13:35:40.500,nonce,eosio.null,,True,unknown
253594440,2025-06-03T13:35:39.500,pushrate,eosio.oracle,ultra.oracle,False,known
253594440,2025-06-03T13:35:39.500,nonce,eosio.null,,True,unknown
253594247,2025-06-03T13:34:03.000,pushrate,eosio.oracle,ultra.oracle,False,known
253594247,2025-06-03T13:34:03.000,nonce,eosio.null,,True,unknown
253594210,2025-06-03T13:33:44.500,pushrate,eosio.oracle,ultra.oracle,False,known
253594210,2025-06-03T13:33:44.500,nonce,eosio.null,,True,unknown
253594010,2025-06-03T13:32:04.500,pushrate,eosio.oracle,ultra.oracle,False,known
253594010,2025-06-03T13:32:04.500,nonce,eosio.null,,True,unknown
253593960,2025-06-03T13:31:39.500,pushrate,eosio.oracle,ultra.oracle,False,known
253593960,2025-06-03T13:31:39.500,nonce,eosio.null,,True,unknown
253593790,2025-06-03T13:30:14.500,pushrate,eosio.oracle,ultra.oracle,False,known
253593790,2025-06-03T13:30:14.500,nonce,eosio.null,,True,unknown
253593749,2025-06-03T13:29:54.000,pushrate,eosio.oracle,ultra.oracle,False,known
253593749,2025-06-03T13:29:54.000,nonce,eosio.null,,True,unknown
253593730,2025-06-03T13:29:44.500,pushrate,eosio.oracle,ultra.oracle,False,known
253593730,2025-06-03T13:29:44.500,nonce,eosio.null,,True,unknown
253593528,2025-06-03T13:28:03.500,pushrate,eosio.oracle,ultra.oracle,False,known
253593528,2025-06-03T13:28:03.500,nonce,eosio.null,,True,unknown
253593502,2025-06-03T13:27:50.500,pushrate,eosio.oracle,ultra.oracle,False,known
253593502,2025-06-03T13:27:50.500,nonce,eosio.null,,True,unknown
253593480,2025-06-03T13:27:39.500,pushrate,eosio.oracle,ultra.oracle,False,known
253593480,2025-06-03T13:27:39.500,nonce,eosio.null,,True,unknown
253593470,2025-06-03T13:27:34.500,pushrate,eosio.oracle,ultra.oracle,False,known
253593470,2025-06-03T13:27:34.500,nonce,eosio.null,,True,unknown
253593300,2025-06-03T13:26:09.500,pushrate,eosio.oracle,ultra.oracle,False,known
253593300,2025-06-03T13:26:09.500,nonce,eosio.null,,True,unknown
253593278,2025-06-03T13:25:58.500,pushrate,eosio.oracle,ultra.oracle,False,known
253593278,2025-06-03T13:25:58.500,nonce,eosio.null,,True,unknown
253593242,2025-06-03T13:25:40.500,pushrate,eosio.oracle,ultra.oracle,False,known
253593242,2025-06-03T13:25:40.500,nonce,eosio.null,,True,unknown
253593238,2025-06-03T13:25:38.500,pushrate,eosio.oracle,ultra.oracle,False,known
253593238,2025-06-03T13:25:38.500,nonce,eosio.null,,True,unknown
253593038,2025-06-03T13:23:58.500,pushrate,eosio.oracle,ultra.oracle,False,known
253593038,2025-06-03T13:23:58.500,nonce,eosio.null,,True,unknown
253593027,2025-06-03T13:23:53.000,pushrate,eosio.oracle,ultra.oracle,False,known
253593027,2025-06-03T13:23:53.000,nonce,eosio.null,,True,unknown
253593020,2025-06-03T13:23:49.500,pushrate,eosio.oracle,ultra.oracle,False,known
253593020,2025-06-03T13:23:49.500,nonce,eosio.null,,True,unknown
253592822,2025-06-03T13:22:10.500,pushrate,eosio.oracle,ultra.oracle,False,known
253592822,2025-06-03T13:22:10.500,nonce,eosio.null,,True,unknown
253592804,2025-06-03T13:22:01.500,pushrate,eosio.oracle,ultra.oracle,False,known
253592804,2025-06-03T13:22:01.500,nonce,eosio.null,,True,unknown
253592799,2025-06-03T13:21:59.000,pushrate,eosio.oracle,ultra.oracle,False,known
253592799,2025-06-03T13:21:59.000,nonce,eosio.null,,True,unknown
253592789,2025-06-03T13:21:54.000,pushrate,eosio.oracle,ultra.oracle,False,known
253592789,2025-06-03T13:21:54.000,nonce,eosio.null,,True,unknown
253592789,2025-06-03T13:21:54.000,pushrate,eosio.oracle,ultra.oracle,True,known
253592789,2025-06-03T13:21:54.000,nonce,eosio.null,,True,unknown
253592767,2025-06-03T13:21:43.000,pushrate,eosio.oracle,ultra.oracle,False,known
253592767,2025-06-03T13:21:43.000,nonce,eosio.null,,True,unknown
253592573,2025-06-03T13:20:06.000,pushrate,eosio.oracle,ultra.oracle,False,known
253592573,2025-06-03T13:20:06.000,nonce,eosio.null,,True,unknown
253592538,2025-06-03T13:19:48.500,pushrate,eosio.oracle,ultra.oracle,False,known
253592538,2025-06-03T13:19:48.500,nonce,eosio.null,,True,unknown
253592526,2025-06-03T13:19:42.500,pushrate,eosio.oracle,ultra.oracle,False,known
253592526,2025-06-03T13:19:42.500,nonce,eosio.null,,True,unknown
253592525,2025-06-03T13:19:42.000,pushrate,eosio.oracle,ultra.oracle,False,known
253592525,2025-06-03T13:19:42.000,nonce,eosio.null,,True,unknown
253592332,2025-06-03T13:18:05.500,pushrate,eosio.oracle,ultra.oracle,False,known
253592332,2025-06-03T13:18:05.500,nonce,eosio.null,,True,unknown
253592327,2025-06-03T13:18:03.000,pushrate,eosio.oracle,ultra.oracle,False,known
253592327,2025-06-03T13:18:03.000,nonce,eosio.null,,True,unknown
253592326,2025-06-03T13:18:02.500,pushrate,eosio.oracle,ultra.oracle,False,known
253592326,2025-06-03T13:18:02.500,nonce,eosio.null,,True,unknown
253592312,2025-06-03T13:17:55.500,pushrate,eosio.oracle,ultra.oracle,False,known
253592312,2025-06-03T13:17:55.500,nonce,eosio.null,,True,unknown
253592087,2025-06-03T13:16:03.000,pushrate,eosio.oracle,ultra.oracle,False,known
253592087,2025-06-03T13:16:03.000,nonce,eosio.null,,True,unknown
253592068,2025-06-03T13:15:53.500,pushrate,eosio.oracle,ultra.oracle,False,known
253592068,2025-06-03T13:15:53.500,nonce,eosio.null,,True,unknown
253592046,2025-06-03T13:15:42.500,pushrate,eosio.oracle,ultra.oracle,False,known
253592046,2025-06-03T13:15:42.500,nonce,eosio.null,,True,unknown
253591851,2025-06-03T13:14:05.000,pushrate,eosio.oracle,ultra.oracle,False,known
253591851,2025-06-03T13:14:05.000,nonce,eosio.null,,True,unknown
253591849,2025-06-03T13:14:04.000,pushrate,eosio.oracle,ultra.oracle,False,known
253591849,2025-06-03T13:14:04.000,nonce,eosio.null,,True,unknown
253591838,2025-06-03T13:13:58.500,pushrate,eosio.oracle,ultra.oracle,False,known
253591838,2025-06-03T13:13:58.500,nonce,eosio.null,,True,unknown
253591823,2025-06-03T13:13:51.000,pushrate,eosio.oracle,ultra.oracle,False,known
253591823,2025-06-03T13:13:51.000,nonce,eosio.null,,True,unknown
253591823,2025-06-03T13:13:51.000,pushrate,eosio.oracle,ultra.oracle,True,known
253591823,2025-06-03T13:13:51.000,nonce,eosio.null,,True,unknown
253591812,2025-06-03T13:13:45.500,pushrate,eosio.oracle,ultra.oracle,False,known
253591812,2025-06-03T13:13:45.500,nonce,eosio.null,,True,unknown
253591811,2025-06-03T13:13:45.000,pushrate,eosio.oracle,ultra.oracle,False,known
253591811,2025-06-03T13:13:45.000,nonce,eosio.null,,True,unknown
253591807,2025-06-03T13:13:43.000,pushrate,eosio.oracle,ultra.oracle,False,known
253591807,2025-06-03T13:13:43.000,nonce,eosio.null,,True,unknown
253591796,2025-06-03T13:13:37.500,pushrate,eosio.oracle,ultra.oracle,False,known
253591796,2025-06-03T13:13:37.500,nonce,eosio.null,,True,unknown
253591793,2025-06-03T13:13:36.000,pushrate,eosio.oracle,ultra.oracle,False,known
253591793,2025-06-03T13:13:36.000,nonce,eosio.null,,True,unknown
253591782,2025-06-03T13:13:30.500,pushrate,eosio.oracle,ultra.oracle,False,known
253591782,2025-06-03T13:13:30.500,nonce,eosio.null,,True,unknown
253591602,2025-06-03T13:12:00.500,pushrate,eosio.oracle,ultra.oracle,False,known
253591602,2025-06-03T13:12:00.500,nonce,eosio.null,,True,unknown
253591544,2025-06-03T13:11:31.500,pushrate,eosio.oracle,ultra.oracle,False,known
253591544,2025-06-03T13:11:31.500,nonce,eosio.null,,True,unknown
253591333,2025-06-03T13:09:46.000,pushrate,eosio.oracle,ultra.oracle,False,known
253591333,2025-06-03T13:09:46.000,nonce,eosio.null,,True,unknown
253591332,2025-06-03T13:09:45.500,pushrate,eosio.oracle,ultra.oracle,False,known
253591332,2025-06-03T13:09:45.500,nonce,eosio.null,,True,unknown
253591307,2025-06-03T13:09:33.000,pushrate,eosio.oracle,ultra.oracle,False,known
253591307,2025-06-03T13:09:33.000,nonce,eosio.null,,True,unknown
253591290,2025-06-03T13:09:24.500,pushrate,eosio.oracle,ultra.oracle,False,known
253591290,2025-06-03T13:09:24.500,nonce,eosio.null,,True,unknown
253591110,2025-06-03T13:07:54.500,pushrate,eosio.oracle,ultra.oracle,False,known
253591110,2025-06-03T13:07:54.500,nonce,eosio.null,,True,unknown
253591100,2025-06-03T13:07:49.500,pushrate,eosio.oracle,ultra.oracle,False,known
253591100,2025-06-03T13:07:49.500,nonce,eosio.null,,True,unknown
253591093,2025-06-03T13:07:46.000,pushrate,eosio.oracle,ultra.oracle,False,known
253591093,2025-06-03T13:07:46.000,nonce,eosio.null,,True,unknown
253591082,2025-06-03T13:07:40.500,pushrate,eosio.oracle,ultra.oracle,False,known
253591082,2025-06-03T13:07:40.500,nonce,eosio.null,,True,unknown
253590887,2025-06-03T13:06:03.000,pushrate,eosio.oracle,ultra.oracle,False,known
253590887,2025-06-03T13:06:03.000,nonce,eosio.null,,True,unknown
253590853,2025-06-03T13:05:46.000,pushrate,eosio.oracle,ultra.oracle,False,known
253590853,2025-06-03T13:05:46.000,nonce,eosio.null,,True,unknown
253590851,2025-06-03T13:05:45.000,pushrate,eosio.oracle,ultra.oracle,False,known
253590851,2025-06-03T13:05:45.000,nonce,eosio.null,,True,unknown
253590649,2025-06-03T13:04:04.000,pushrate,eosio.oracle,ultra.oracle,False,known
253590649,2025-06-03T13:04:04.000,nonce,eosio.null,,True,unknown
253590644,2025-06-03T13:04:01.500,setpubkey,ultra.rng,ultra.rng,False,unknown
253590643,2025-06-03T13:04:01.000,killjobs,ultra.rng,ultra.rng,False,unknown
253590641,2025-06-03T13:04:00.000,killjobs,ultra.rng,ultra.rng,False,unknown
253590635,2025-06-03T13:03:57.000,killjobs,ultra.rng,ultra.rng,False,unknown
253590627,2025-06-03T13:03:53.000,claimreward,ultra.unqstk,pz1cc2sn3hn4,False,unknown
253590419,2025-06-03T13:02:09.000,pushrate,eosio.oracle,ultra.oracle,False,known
253590419,2025-06-03T13:02:09.000,nonce,eosio.null,,True,unknown
253590354,2025-06-03T13:01:36.500,pushrate,eosio.oracle,ultra.oracle,False,known
253590354,2025-06-03T13:01:36.500,nonce,eosio.null,,True,unknown
253590179,2025-06-03T13:00:09.000,pushrate,eosio.oracle,ultra.oracle,False,known
253590179,2025-06-03T13:00:09.000,nonce,eosio.null,,True,unknown
253590178,2025-06-03T13:00:08.500,pushrate,eosio.oracle,ultra.oracle,False,known
253590178,2025-06-03T13:00:08.500,nonce,eosio.null,,True,unknown
253590139,2025-06-03T12:59:49.000,pushrate,eosio.oracle,ultra.oracle,False,known
253590139,2025-06-03T12:59:49.000,nonce,eosio.null,,True,unknown
253589945,2025-06-03T12:58:12.000,pushrate,eosio.oracle,ultra.oracle,False,known
253589945,2025-06-03T12:58:12.000,nonce,eosio.null,,True,unknown
253589911,2025-06-03T12:57:55.000,pushrate,eosio.oracle,ultra.oracle,False,known
253589911,2025-06-03T12:57:55.000,nonce,eosio.null,,True,unknown
253589910,2025-06-03T12:57:54.500,pushrate,eosio.oracle,ultra.oracle,False,known
253589910,2025-06-03T12:57:54.500,nonce,eosio.null,,True,unknown
253589895,2025-06-03T12:57:47.000,pushrate,eosio.oracle,ultra.oracle,False,known
253589895,2025-06-03T12:57:47.000,nonce,eosio.null,,True,unknown
253589892,2025-06-03T12:57:45.500,pushrate,eosio.oracle,ultra.oracle,False,known
253589892,2025-06-03T12:57:45.500,nonce,eosio.null,,True,unknown
253589656,2025-06-03T12:55:47.500,pushrate,eosio.oracle,ultra.oracle,False,known
253589656,2025-06-03T12:55:47.500,nonce,eosio.null,,True,unknown
253589487,2025-06-03T12:54:23.000,setevmblk.a,ultra.bridge,ultra.val2,False,unknown
253589486,2025-06-03T12:54:22.500,setevmblk.a,ultra.bridge,ultra.val1,False,unknown
253589484,2025-06-03T12:54:21.500,setevmblk.a,ultra.bridge,ultra.val3,False,unknown
253589482,2025-06-03T12:54:20.500,setevmblk.a,ultra.bridge,ultra.val2,False,unknown
253589481,2025-06-03T12:54:20.000,setevmblk.a,ultra.bridge,ultra.val1,False,unknown
253589477,2025-06-03T12:54:18.000,setevmblk.a,ultra.bridge,ultra.val2,False,unknown
253589476,2025-06-03T12:54:17.500,setevmblk.a,ultra.bridge,ultra.val1,False,unknown
253589472,2025-06-03T12:54:15.500,setevmblk.a,ultra.bridge,ultra.val2,False,unknown
253589470,2025-06-03T12:54:14.500,setevmblk.a,ultra.bridge,ultra.val1,False,unknown
253589466,2025-06-03T12:54:12.500,pushrate,eosio.oracle,ultra.oracle,False,known
253589466,2025-06-03T12:54:12.500,nonce,eosio.null,,True,unknown
253589466,2025-06-03T12:54:12.500,setevmblk.a,ultra.bridge,ultra.val2,True,unknown
253589466,2025-06-03T12:54:12.500,pushrate,eosio.oracle,ultra.oracle,True,known
253589466,2025-06-03T12:54:12.500,nonce,eosio.null,,True,unknown
253589465,2025-06-03T12:54:12.000,setevmblk.a,ultra.bridge,ultra.val1,False,unknown
253589461,2025-06-03T12:54:10.000,setevmblk.a,ultra.bridge,ultra.val2,False,unknown
253589459,2025-06-03T12:54:09.000,setevmblk.a,ultra.bridge,ultra.val1,False,unknown
253589456,2025-06-03T12:54:07.500,setevmblk.a,ultra.bridge,ultra.val3,False,unknown
253589456,2025-06-03T12:54:07.500,setevmblk.a,ultra.bridge,ultra.val2,True,unknown
253589454,2025-06-03T12:54:06.500,setevmblk.a,ultra.bridge,ultra.val1,False,unknown
253589451,2025-06-03T12:54:05.000,setevmblk.a,ultra.bridge,ultra.val2,False,unknown
253589449,2025-06-03T12:54:04.000,setevmblk.a,ultra.bridge,ultra.val1,False,unknown
253589446,2025-06-03T12:54:02.500,setevmblk.a,ultra.bridge,ultra.val2,False,unknown
253589443,2025-06-03T12:54:01.000,setevmblk.a,ultra.bridge,ultra.val1,False,unknown
253589441,2025-06-03T12:54:00.000,setevmblk.a,ultra.bridge,ultra.val2,False,unknown
253589438,2025-06-03T12:53:58.500,setevmblk.a,ultra.bridge,ultra.val3,False,unknown
253589438,2025-06-03T12:53:58.500,setevmblk.a,ultra.bridge,ultra.val1,True,unknown
253589436,2025-06-03T12:53:57.500,setevmblk.a,ultra.bridge,ultra.val2,False,unknown
253589435,2025-06-03T12:53:57.000,pushrate,eosio.oracle,ultra.oracle,False,known
253589435,2025-06-03T12:53:57.000,nonce,eosio.null,,True,unknown
253589433,2025-06-03T12:53:56.000,setevmblk.a,ultra.bridge,ultra.val1,False,unknown
253589431,2025-06-03T12:53:55.000,setevmblk.a,ultra.bridge,ultra.val2,False,unknown
253589428,2025-06-03T12:53:53.500,setevmblk.a,ultra.bridge,ultra.val1,False,unknown
253589426,2025-06-03T12:53:52.500,setevmblk.a,ultra.bridge,ultra.val2,False,unknown
253589422,2025-06-03T12:53:50.500,setevmblk.a,ultra.bridge,ultra.val1,False,unknown
253589421,2025-06-03T12:53:50.000,setevmblk.a,ultra.bridge,ultra.val2,False,unknown
253589417,2025-06-03T12:53:48.000,setevmblk.a,ultra.bridge,ultra.val1,False,unknown
253589416,2025-06-03T12:53:47.500,setevmblk.a,ultra.bridge,ultra.val2,False,unknown
253589415,2025-06-03T12:53:47.000,setevmblk.a,ultra.bridge,ultra.val3,False,unknown
253589413,2025-06-03T12:53:46.000,pushrate,eosio.oracle,ultra.oracle,False,known
253589413,2025-06-03T12:53:46.000,nonce,eosio.null,,True,unknown
253589412,2025-06-03T12:53:45.500,setevmblk.a,ultra.bridge,ultra.val1,False,unknown
253589411,2025-06-03T12:53:45.000,setevmblk.a,ultra.bridge,ultra.val2,False,unknown
253589406,2025-06-03T12:53:42.500,setevmblk.a,ultra.bridge,ultra.val1,False,unknown
253589405,2025-06-03T12:53:42.000,setevmblk.a,ultra.bridge,ultra.val2,False,unknown
253589402,2025-06-03T12:53:40.500,setevmblk.a,ultra.bridge,ultra.val1,False,unknown
253589401,2025-06-03T12:53:40.000,setevmblk.a,ultra.bridge,ultra.val2,False,unknown
253589237,2025-06-03T12:52:18.000,pushrate,eosio.oracle,ultra.oracle,False,known
253589237,2025-06-03T12:52:18.000,nonce,eosio.null,,True,unknown
253589234,2025-06-03T12:52:16.500,setevmblk.a,ultra.bridge,ultra.val1,False,unknown
253589233,2025-06-03T12:52:16.000,setevmblk.a,ultra.bridge,ultra.val2,False,unknown
253589228,2025-06-03T12:52:13.500,setevmblk.a,ultra.bridge,ultra.val2,False,unknown
253589228,2025-06-03T12:52:13.500,setevmblk.a,ultra.bridge,ultra.val1,True,unknown
253589223,2025-06-03T12:52:11.000,setevmblk.a,ultra.bridge,ultra.val2,False,unknown
253589223,2025-06-03T12:52:11.000,setevmblk.a,ultra.bridge,ultra.val1,True,unknown
253589218,2025-06-03T12:52:08.500,setevmblk.a,ultra.bridge,ultra.val3,False,unknown
253589218,2025-06-03T12:52:08.500,setevmblk.a,ultra.bridge,ultra.val2,True,unknown
253589218,2025-06-03T12:52:08.500,setevmblk.a,ultra.bridge,ultra.val1,True,unknown
253589213,2025-06-03T12:52:06.000,setevmblk.a,ultra.bridge,ultra.val1,False,unknown
253589213,2025-06-03T12:52:06.000,setevmblk.a,ultra.bridge,ultra.val2,True,unknown
253589213,2025-06-03T12:52:06.000,pushrate,eosio.oracle,ultra.oracle,True,known
253589213,2025-06-03T12:52:06.000,nonce,eosio.null,,True,unknown
253589208,2025-06-03T12:52:03.500,setevmblk.a,ultra.bridge,ultra.val2,False,unknown
253589207,2025-06-03T12:52:03.000,setevmblk.a,ultra.bridge,ultra.val1,False,unknown
253589202,2025-06-03T12:52:00.500,setevmblk.a,ultra.bridge,ultra.val1,False,unknown
253589202,2025-06-03T12:52:00.500,setevmblk.a,ultra.bridge,ultra.val2,True,unknown
253589198,2025-06-03T12:51:58.500,setevmblk.a,ultra.bridge,ultra.val2,False,unknown
253589197,2025-06-03T12:51:58.000,pushrate,eosio.oracle,ultra.oracle,False,known
253589197,2025-06-03T12:51:58.000,nonce,eosio.null,,True,unknown
253589197,2025-06-03T12:51:58.000,pushrate,eosio.oracle,ultra.oracle,True,known
253589197,2025-06-03T12:51:58.000,nonce,eosio.null,,True,unknown
253589197,2025-06-03T12:51:58.000,setevmblk.a,ultra.bridge,ultra.val1,True,unknown
253589195,2025-06-03T12:51:57.000,setevmblk.a,ultra.bridge,ultra.val3,False,unknown
253589192,2025-06-03T12:51:55.500,setevmblk.a,ultra.bridge,ultra.val2,False,unknown
253589191,2025-06-03T12:51:55.000,setevmblk.a,ultra.bridge,ultra.val1,False,unknown
253589188,2025-06-03T12:51:53.500,setevmblk.a,ultra.bridge,ultra.val2,False,unknown
253589187,2025-06-03T12:51:53.000,pushrate,eosio.oracle,ultra.oracle,False,known
253589187,2025-06-03T12:51:53.000,nonce,eosio.null,,True,unknown
253589186,2025-06-03T12:51:52.500,setevmblk.a,ultra.bridge,ultra.val1,False,unknown
253589182,2025-06-03T12:51:50.500,setevmblk.a,ultra.bridge,ultra.val2,False,unknown
253589181,2025-06-03T12:51:50.000,setevmblk.a,ultra.bridge,ultra.val1,False,unknown
253589177,2025-06-03T12:51:48.000,setevmblk.a,ultra.bridge,ultra.val2,False,unknown
253589176,2025-06-03T12:51:47.500,setevmblk.a,ultra.bridge,ultra.val1,False,unknown
253589172,2025-06-03T12:51:45.500,setevmblk.a,ultra.bridge,ultra.val3,False,unknown
253589172,2025-06-03T12:51:45.500,setevmblk.a,ultra.bridge,ultra.val2,True,unknown
253589170,2025-06-03T12:51:44.500,setevmblk.a,ultra.bridge,ultra.val1,False,unknown
253589167,2025-06-03T12:51:43.000,setevmblk.a,ultra.bridge,ultra.val2,False,unknown
253589165,2025-06-03T12:51:42.000,setevmblk.a,ultra.bridge,ultra.val1,False,unknown
253589162,2025-06-03T12:51:40.500,setevmblk.a,ultra.bridge,ultra.val2,False,unknown
253589160,2025-06-03T12:51:39.500,setevmblk.a,ultra.bridge,ultra.val1,False,unknown
253588994,2025-06-03T12:50:16.500,setevmblk.a,ultra.bridge,ultra.val2,False,unknown
253588993,2025-06-03T12:50:16.000,pushrate,eosio.oracle,ultra.oracle,False,known
253588993,2025-06-03T12:50:16.000,nonce,eosio.null,,True,unknown
253588991,2025-06-03T12:50:15.000,pushrate,eosio.oracle,ultra.oracle,False,known
253588991,2025-06-03T12:50:15.000,nonce,eosio.null,,True,unknown
253588991,2025-06-03T12:50:15.000,setevmblk.a,ultra.bridge,ultra.val1,True,unknown
253588989,2025-06-03T12:50:14.000,setevmblk.a,ultra.bridge,ultra.val2,False,unknown
253588986,2025-06-03T12:50:12.500,setevmblk.a,ultra.bridge,ultra.val1,False,unknown
253588984,2025-06-03T12:50:11.500,setevmblk.a,ultra.bridge,ultra.val2,False,unknown
253588983,2025-06-03T12:50:11.000,pushrate,eosio.oracle,ultra.oracle,False,known
253588983,2025-06-03T12:50:11.000,nonce,eosio.null,,True,unknown
253588981,2025-06-03T12:50:10.000,setevmblk.a,ultra.bridge,ultra.val1,False,unknown
253588979,2025-06-03T12:50:09.000,setevmblk.a,ultra.bridge,ultra.val2,False,unknown
253588979,2025-06-03T12:50:09.000,setevmblk.a,ultra.bridge,ultra.val3,True,unknown
253588975,2025-06-03T12:50:07.000,setevmblk.a,ultra.bridge,ultra.val1,False,unknown
253588973,2025-06-03T12:50:06.000,setevmblk.a,ultra.bridge,ultra.val2,False,unknown
253588971,2025-06-03T12:50:05.000,setevmblk.a,ultra.bridge,ultra.val1,False,unknown
253588969,2025-06-03T12:50:04.000,setevmblk.a,ultra.bridge,ultra.val2,False,unknown
253588965,2025-06-03T12:50:02.000,setevmblk.a,ultra.bridge,ultra.val1,False,unknown
253588963,2025-06-03T12:50:01.000,setevmblk.a,ultra.bridge,ultra.val2,False,unknown
253588962,2025-06-03T12:50:00.500,setevmblk.a,ultra.bridge,ultra.val3,False,unknown
253588961,2025-06-03T12:50:00.000,setevmblk.a,ultra.bridge,ultra.val1,False,unknown
253588959,2025-06-03T12:49:59.000,setevmblk.a,ultra.bridge,ultra.val2,False,unknown
253588954,2025-06-03T12:49:56.500,setevmblk.a,ultra.bridge,ultra.val1,False,unknown
253588953,2025-06-03T12:49:56.000,setevmblk.a,ultra.bridge,ultra.val2,False,unknown
253588933,2025-06-03T12:49:46.000,pushrate,eosio.oracle,ultra.oracle,False,known
253588933,2025-06-03T12:49:46.000,nonce,eosio.null,,True,unknown
253588757,2025-06-03T12:48:18.000,pushrate,eosio.oracle,ultra.oracle,False,known
253588757,2025-06-03T12:48:18.000,nonce,eosio.null,,True,unknown
253588756,2025-06-03T12:48:17.500,pushrate,eosio.oracle,ultra.oracle,False,known
253588756,2025-06-03T12:48:17.500,nonce,eosio.null,,True,unknown
253588753,2025-06-03T12:48:16.000,setevmblk.a,ultra.bridge,ultra.val2,False,unknown
253588751,2025-06-03T12:48:15.000,setevmblk.a,ultra.bridge,ultra.val1,False,unknown
253588738,2025-06-03T12:48:08.500,setevmblk.a,ultra.bridge,ultra.val2,False,unknown
253588737,2025-06-03T12:48:08.000,setevmblk.a,ultra.bridge,ultra.val3,False,unknown
253588735,2025-06-03T12:48:07.000,setevmblk.a,ultra.bridge,ultra.val1,False,unknown
253588729,2025-06-03T12:48:04.000,pushrate,eosio.oracle,ultra.oracle,False,known
253588729,2025-06-03T12:48:04.000,nonce,eosio.null,,True,unknown
253588728,2025-06-03T12:48:03.500,pushrate,eosio.oracle,ultra.oracle,False,known
253588728,2025-06-03T12:48:03.500,nonce,eosio.null,,True,unknown
253588722,2025-06-03T12:48:00.500,setevmblk.a,ultra.bridge,ultra.val2,False,unknown
253588720,2025-06-03T12:47:59.500,setevmblk.a,ultra.bridge,ultra.val1,False,unknown
253588715,2025-06-03T12:47:57.000,setevmblk.a,ultra.bridge,ultra.val3,False,unknown
253588712,2025-06-03T12:47:55.500,pushrate,eosio.oracle,ultra.oracle,False,known
253588712,2025-06-03T12:47:55.500,nonce,eosio.null,,True,unknown
253588711,2025-06-03T12:47:55.000,pushrate,eosio.oracle,ultra.oracle,False,known
253588711,2025-06-03T12:47:55.000,nonce,eosio.null,,True,unknown
253588710,2025-06-03T12:47:54.500,pushrate,eosio.oracle,ultra.oracle,False,known
253588710,2025-06-03T12:47:54.500,nonce,eosio.null,,True,unknown
253588708,2025-06-03T12:47:53.500,setevmblk.a,ultra.bridge,ultra.val2,False,unknown
253588704,2025-06-03T12:47:51.500,setevmblk.a,ultra.bridge,ultra.val1,False,unknown
253588693,2025-06-03T12:47:46.000,setevmblk.a,ultra.bridge,ultra.val2,False,unknown
253588692,2025-06-03T12:47:45.500,setevmblk.a,ultra.bridge,ultra.val3,False,unknown
253588688,2025-06-03T12:47:43.500,setevmblk.a,ultra.bridge,ultra.val1,False,unknown
253588509,2025-06-03T12:46:14.000,setevmblk.a,ultra.bridge,ultra.val1,False,unknown
253588503,2025-06-03T12:46:11.000,pushrate,eosio.oracle,ultra.oracle,False,known
253588503,2025-06-03T12:46:11.000,nonce,eosio.null,,True,unknown
253588498,2025-06-03T12:46:08.500,setevmblk.a,ultra.bridge,ultra.val1,False,unknown
253588497,2025-06-03T12:46:08.000,setevmblk.a,ultra.bridge,ultra.val2,False,unknown
253588496,2025-06-03T12:46:07.500,pushrate,eosio.oracle,ultra.oracle,False,known
253588496,2025-06-03T12:46:07.500,nonce,eosio.null,,True,unknown
253588489,2025-06-03T12:46:04.000,pushrate,eosio.oracle,ultra.oracle,False,known
253588489,2025-06-03T12:46:04.000,nonce,eosio.null,,True,unknown
253588487,2025-06-03T12:46:03.000,pushrate,eosio.oracle,ultra.oracle,False,known
253588487,2025-06-03T12:46:03.000,nonce,eosio.null,,True,unknown
253588482,2025-06-03T12:46:00.500,setevmblk.a,ultra.bridge,ultra.val1,False,unknown
253588481,2025-06-03T12:46:00.000,setevmblk.a,ultra.bridge,ultra.val2,False,unknown
253588479,2025-06-03T12:45:59.000,pushrate,eosio.oracle,ultra.oracle,False,known
253588479,2025-06-03T12:45:59.000,nonce,eosio.null,,True,unknown
253588477,2025-06-03T12:45:58.000,pushrate,eosio.oracle,ultra.oracle,False,known
253588477,2025-06-03T12:45:58.000,nonce,eosio.null,,True,unknown
253588475,2025-06-03T12:45:57.000,pushrate,eosio.oracle,ultra.oracle,False,known
253588475,2025-06-03T12:45:57.000,nonce,eosio.null,,True,unknown
253588271,2025-06-03T12:44:15.000,pushrate,eosio.oracle,ultra.oracle,False,known
253588271,2025-06-03T12:44:15.000,nonce,eosio.null,,True,unknown
253588241,2025-06-03T12:44:00.000,pushrate,eosio.oracle,ultra.oracle,False,known
253588241,2025-06-03T12:44:00.000,nonce,eosio.null,,True,unknown
253588211,2025-06-03T12:43:45.000,pushrate,eosio.oracle,ultra.oracle,False,known
253588211,2025-06-03T12:43:45.000,nonce,eosio.null,,True,unknown
253587797,2025-06-03T12:40:18.000,pushrate,eosio.oracle,ultra.oracle,False,known
253587797,2025-06-03T12:40:18.000,nonce,eosio.null,,True,unknown
253587794,2025-06-03T12:40:16.500,pushrate,eosio.oracle,ultra.oracle,False,known
253587794,2025-06-03T12:40:16.500,nonce,eosio.null,,True,unknown
253587774,2025-06-03T12:40:06.500,pushrate,eosio.oracle,ultra.oracle,False,known
253587774,2025-06-03T12:40:06.500,nonce,eosio.null,,True,unknown
253587761,2025-06-03T12:40:00.000,pushrate,eosio.oracle,ultra.oracle,False,known
253587761,2025-06-03T12:40:00.000,nonce,eosio.null,,True,unknown
253587760,2025-06-03T12:39:59.500,pushrate,eosio.oracle,ultra.oracle,False,known
253587760,2025-06-03T12:39:59.500,nonce,eosio.null,,True,unknown
253587550,2025-06-03T12:38:14.500,pushrate,eosio.oracle,ultra.oracle,False,known
253587550,2025-06-03T12:38:14.500,nonce,eosio.null,,True,unknown
253587529,2025-06-03T12:38:04.000,pushrate,eosio.oracle,ultra.oracle,False,known
253587529,2025-06-03T12:38:04.000,nonce,eosio.null,,True,unknown
253587525,2025-06-03T12:38:02.000,pushrate,eosio.oracle,ultra.oracle,False,known
253587525,2025-06-03T12:38:02.000,nonce,eosio.null,,True,unknown
253587498,2025-06-03T12:37:48.500,pushrate,eosio.oracle,ultra.oracle,False,known
253587498,2025-06-03T12:37:48.500,nonce,eosio.null,,True,unknown
253587275,2025-06-03T12:35:57.000,pushrate,eosio.oracle,ultra.oracle,False,known
253587275,2025-06-03T12:35:57.000,nonce,eosio.null,,True,unknown
253587071,2025-06-03T12:34:15.000,pushrate,eosio.oracle,ultra.oracle,False,known
253587071,2025-06-03T12:34:15.000,nonce,eosio.null,,True,unknown
253587059,2025-06-03T12:34:09.000,pushrate,eosio.oracle,ultra.oracle,False,known
253587059,2025-06-03T12:34:09.000,nonce,eosio.null,,True,unknown
253587039,2025-06-03T12:33:59.000,pushrate,eosio.oracle,ultra.oracle,False,known
253587039,2025-06-03T12:33:59.000,nonce,eosio.null,,True,unknown
253587035,2025-06-03T12:33:57.000,pushrate,eosio.oracle,ultra.oracle,False,known
253587035,2025-06-03T12:33:57.000,nonce,eosio.null,,True,unknown
253587019,2025-06-03T12:33:49.000,pushrate,eosio.oracle,ultra.oracle,False,known
253587019,2025-06-03T12:33:49.000,nonce,eosio.null,,True,unknown
253587013,2025-06-03T12:33:46.000,pushrate,eosio.oracle,ultra.oracle,False,known
253587013,2025-06-03T12:33:46.000,nonce,eosio.null,,True,unknown
